NAME,POSTCODE
"SUMBAWANGA
CBD",551
"SUMBAWANGA
CBD",551
"SUMBAWANGA
CBD",551
"SUMBAWANGA
CBD",551
"SUMBAWANGA
CBD",551
"SUMBAWANGA
CBD",551
"SUMBAWANGA
CBD",551
"SUMBAWANGA
CBD",551
"SUMBAWANGA
CBD",551
"SUMBAWANGA
CBD",551
"SUMBAWANGA
CBD",551
"SUMBAWANGA
CBD",551
"SUMBAWANGA
CBD",551
"SUMBAWANGA
CBD",551
"SUMBAWANGA
CBD",551
"SUMBAWANGA
CBD",551
"SUMBAWANGA
CBD",551
"SUMBAWANGA
CBD",551
"SUMBAWANGA
CBD",551
"SUMBAWANGA
CBD",551
"SUMBAWANGA
CBD",551
"SUMBAWANGA
CBD",551
"SUMBAWANGA
CBD",551
"SUMBAWANGA
CBD",551
"SUMBAWANGA
CBD",551
"SUMBAWANGA
CBD",551
"SUMBAWANGA
CBD",551
"SUMBAWANGA
CBD",551
"SUMBAWANGA
CBD",551
"SUMBAWANGA
CBD",551
"SUMBAWANGA
CBD",551
"SUMBAWANGA
CBD",551
"SUMBAWANGA
CBD",551
"SUMBAWANGA
CBD",551
"SUMBAWANGA
CBD",551
"SUMBAWANGA
CBD",551
"SUMBAWANGA
CBD",551
"SUMBAWANGA
CBD",551
"SUMBAWANGA
CBD",551
"SUMBAWANGA
CBD",551
"SUMBAWANGA
CBD",551
"SUMBAWANGA
CBD",551
"SUMBAWANGA
CBD",551
"SUMBAWANGA
CBD",551
"SUMBAWANGA
CBD",551
"SUMBAWANGA
CBD",551
"SUMBAWANGA
CBD",551
"SUMBAWANGA
CBD",551
"SUMBAWANGA
CBD",551
"SUMBAWANGA
CBD",551
"SUMBAWANGA
CBD",551
"SUMBAWANGA
CBD",551
"SUMBAWANGA
CBD",551
"SUMBAWANGA
CBD",551
"SUMBAWANGA
CBD",551
"SUMBAWANGA
CBD",551
"SUMBAWANGA
CBD",551
"SUMBAWANGA
CBD",551
"SUMBAWANGA
CBD",551
"SUMBAWANGA
CBD",551
"SUMBAWANGA
CBD",551
"SUMBAWANGA
CBD",551
"SUMBAWANGA
CBD",551
"SUMBAWANGA
CBD",551
"SUMBAWANGA
CBD",551
"SUMBAWANGA
CBD",551
"SUMBAWANGA
CBD",551
"SUMBAWANGA
CBD",551
"SUMBAWANGA
CBD",551
"SUMBAWANGA
CBD",551
"SUMBAWANGA
CBD",551
"SUMBAWANGA
CBD",551
"SUMBAWANGA
CBD",551
"SUMBAWANGA
CBD",551
"SUMBAWANGA
CBD",551
"SUMBAWANGA
CBD",551
"SUMBAWANGA
CBD",551
"SUMBAWANGA
CBD",551
"SUMBAWANGA
CBD",551
"SUMBAWANGA
CBD",551
"SUMBAWANGA
CBD",551
"SUMBAWANGA
CBD",551
"SUMBAWANGA
CBD",551
"SUMBAWANGA
CBD",551
"SUMBAWANGA
CBD",551
"SUMBAWANGA
CBD",551
"SUMBAWANGA
CBD",551
"SUMBAWANGA
CBD",551
"SUMBAWANGA
CBD",551
"SUMBAWANGA
CBD",551
"SUMBAWANGA
CBD",551
"SUMBAWANGA
CBD",551
"SUMBAWANGA
CBD",551
"SUMBAWANGA
CBD",551
"SUMBAWANGA
CBD",551
"SUMBAWANGA
CBD",551
"SUMBAWANGA
CBD",551
"SUMBAWANGA
CBD",551
"SUMBAWANGA
CBD",551
"SUMBAWANGA
CBD",551
"SUMBAWANGA
CBD",551
"SUMBAWANGA
CBD",551
"SUMBAWANGA
CBD",551
"SUMBAWANGA
CBD",551
"SUMBAWANGA
CBD",551
"SUMBAWANGA
CBD",551
"SUMBAWANGA
CBD",551
"SUMBAWANGA
CBD",551
"SUMBAWANGA
CBD",551
"SUMBAWANGA
CBD",551
"SUMBAWANGA
CBD",551
"SUMBAWANGA
CBD",551
"SUMBAWANGA
CBD",551
"SUMBAWANGA
CBD",551
"SUMBAWANGA
CBD",551
"SUMBAWANGA
CBD",551
"SUMBAWANGA
CBD",551
"SUMBAWANGA
CBD",551
"SUMBAWANGA
CBD",551
"SUMBAWANGA
CBD",551
"SUMBAWANGA
CBD",551
"SUMBAWANGA
CBD",551
"SUMBAWANGA
CBD",551
"SUMBAWANGA
CBD",551
"SUMBAWANGA
CBD",551
"SUMBAWANGA
CBD",551
"SUMBAWANGA
CBD",551
"SUMBAWANGA
CBD",551
"SUMBAWANGA
CBD",551
"SUMBAWANGA
CBD",551
"SUMBAWANGA
CBD",551
"SUMBAWANGA
CBD",551
"SUMBAWANGA
CBD",551
"SUMBAWANGA
CBD",551
"SUMBAWANGA
CBD",551
"SUMBAWANGA
CBD",551
"SUMBAWANGA
CBD",551
"SUMBAWANGA
CBD",551
"SUMBAWANGA
CBD",551
"SUMBAWANGA
CBD",551
"SUMBAWANGA
CBD",551
"SUMBAWANGA
CBD",551
"SUMBAWANGA
CBD",551
"SUMBAWANGA
CBD",551
"SUMBAWANGA
CBD",551
"SUMBAWANGA
CBD",551
"SUMBAWANGA
CBD",551
"SUMBAWANGA
CBD",551
"SUMBAWANGA
CBD",551
"SUMBAWANGA
CBD",551
"SUMBAWANGA
CBD",551
"SUMBAWANGA
CBD",551
"SUMBAWANGA
CBD",551
"SUMBAWANGA
CBD",551
"SUMBAWANGA
CBD",551
"SUMBAWANGA
CBD",551
"SUMBAWANGA
CBD",551
"SUMBAWANGA
CBD",551
"SUMBAWANGA
CBD",551
"SUMBAWANGA
CBD",551
"SUMBAWANGA
CBD",551
"SUMBAWANGA
CBD",551
"SUMBAWANGA
CBD",551
"SUMBAWANGA
CBD",551
"SUMBAWANGA
CBD",551
"SUMBAWANGA
CBD",551
"SUMBAWANGA
CBD",551
"SUMBAWANGA
CBD",551
"SUMBAWANGA
CBD",551
"SUMBAWANGA
CBD",551
"SUMBAWANGA
CBD",551
"SUMBAWANGA
CBD",551
"SUMBAWANGA
CBD",551
"SUMBAWANGA
CBD",551
"SUMBAWANGA
CBD",551
"SUMBAWANGA
CBD",551
"SUMBAWANGA
CBD",551
"SUMBAWANGA
CBD",551
"SUMBAWANGA
CBD",551
"SUMBAWANGA
CBD",551
"SUMBAWANGA
CBD",551
"SUMBAWANGA
CBD",551
"SUMBAWANGA
CBD",551
"SUMBAWANGA
CBD",551
"SUMBAWANGA
CBD",551
"SUMBAWANGA
CBD",551
"SUMBAWANGA
CBD",551
"SUMBAWANGA
CBD",551
"SUMBAWANGA
CBD",551
"SUMBAWANGA
CBD",551
"SUMBAWANGA
CBD",551
"SUMBAWANGA
CBD",551
"SUMBAWANGA
CBD",551
"SUMBAWANGA
CBD",551
"SUMBAWANGA
CBD",551
"SUMBAWANGA
CBD",551
"SUMBAWANGA
CBD",551
"SUMBAWANGA
CBD",551
"SUMBAWANGA
CBD",551
"SUMBAWANGA
CBD",551
"SUMBAWANGA
CBD",551
"SUMBAWANGA
CBD",551
"SUMBAWANGA
CBD",551
"SUMBAWANGA
CBD",551
"SUMBAWANGA
CBD",551
"SUMBAWANGA
CBD",551
"SUMBAWANGA
CBD",551
"SUMBAWANGA
CBD",551
"SUMBAWANGA
CBD",551
"SUMBAWANGA
CBD",551
"SUMBAWANGA
CBD",551
"SUMBAWANGA
CBD",551
"SUMBAWANGA
CBD",551
"SUMBAWANGA
CBD",551
"SUMBAWANGA
CBD",551
"SUMBAWANGA
CBD",551
"SUMBAWANGA
CBD",551
"SUMBAWANGA
CBD",551
"SUMBAWANGA
CBD",551
"SUMBAWANGA
CBD",551
"SUMBAWANGA
CBD",551
"SUMBAWANGA
CBD",551
"SUMBAWANGA
CBD",551
"SUMBAWANGA
CBD",551
"SUMBAWANGA
CBD",551
"SUMBAWANGA
CBD",551
"SUMBAWANGA
CBD",551
"SUMBAWANGA
CBD",551
"SUMBAWANGA
CBD",551
"SUMBAWANGA
CBD",551
"SUMBAWANGA
CBD",551
"SUMBAWANGA
CBD",551
"SUMBAWANGA
CBD",551
"SUMBAWANGA
CBD",551
"SUMBAWANGA
CBD",551
"SUMBAWANGA
CBD",551
"SUMBAWANGA
CBD",551
"SUMBAWANGA
CBD",551
"SUMBAWANGA
CBD",551
"SUMBAWANGA
CBD",551
"SUMBAWANGA
CBD",551
"SUMBAWANGA
CBD",551
"SUMBAWANGA
CBD",551
"SUMBAWANGA
CBD",551
"SUMBAWANGA
CBD",551
"SUMBAWANGA
CBD",551
"SUMBAWANGA
CBD",551
"SUMBAWANGA
CBD",551
"SUMBAWANGA
CBD",551
"SUMBAWANGA
CBD",551
"SUMBAWANGA
CBD",551
"SUMBAWANGA
CBD",551
"SUMBAWANGA
CBD",551
"SUMBAWANGA
CBD",551
"SUMBAWANGA
CBD",551
"SUMBAWANGA
CBD",551
"SUMBAWANGA
CBD",551
"SUMBAWANGA
CBD",551
"SUMBAWANGA
CBD",551
"SUMBAWANGA
CBD",551
"SUMBAWANGA
CBD",551
"SUMBAWANGA
CBD",551
"SUMBAWANGA
CBD",551
"SUMBAWANGA
CBD",551
"SUMBAWANGA
CBD",551
"SUMBAWANGA
CBD",551
"SUMBAWANGA
CBD",551
"SUMBAWANGA
CBD",551
"SUMBAWANGA
CBD",551
"SUMBAWANGA
CBD",551
"SUMBAWANGA
CBD",551
"SUMBAWANGA
CBD",551
"SUMBAWANGA
CBD",551
"SUMBAWANGA
CBD",551
"SUMBAWANGA
CBD",551
"SUMBAWANGA
CBD",551
"SUMBAWANGA
CBD",551
"SUMBAWANGA
CBD",551
"SUMBAWANGA
CBD",551
"SUMBAWANGA
CBD",551
"SUMBAWANGA
CBD",551
"SUMBAWANGA
CBD",551
"SUMBAWANGA
CBD",551
"SUMBAWANGA
CBD",551
"SUMBAWANGA
CBD",551
"SUMBAWANGA
CBD",551
"SUMBAWANGA
CBD",551
"SUMBAWANGA
CBD",551
"SUMBAWANGA
CBD",551
"SUMBAWANGA
CBD",551
"SUMBAWANGA
CBD",551
"SUMBAWANGA
CBD",551
"SUMBAWANGA
CBD",551
"SUMBAWANGA
CBD",551
"SUMBAWANGA
CBD",551
"SUMBAWANGA
CBD",551
"SUMBAWANGA
CBD",551
"SUMBAWANGA
CBD",551
"SUMBAWANGA
CBD",551
"SUMBAWANGA
CBD",551
"SUMBAWANGA
CBD",551
"SUMBAWANGA
CBD",551
"SUMBAWANGA
CBD",551
"SUMBAWANGA
CBD",551
"SUMBAWANGA
CBD",551
"SUMBAWANGA
CBD",551
"SUMBAWANGA
CBD",551
"SUMBAWANGA
CBD",551
"SUMBAWANGA
CBD",551
"SUMBAWANGA
CBD",551
"SUMBAWANGA
CBD",551
"SUMBAWANGA
CBD",551
"SUMBAWANGA
CBD",551
"SUMBAWANGA
CBD",551
"SUMBAWANGA
CBD",551
"SUMBAWANGA
CBD",551
"SUMBAWANGA
CBD",551
"SUMBAWANGA
CBD",551
"SUMBAWANGA
CBD",551
"SUMBAWANGA
CBD",551
"SUMBAWANGA
CBD",551
"SUMBAWANGA
CBD",551
"SUMBAWANGA
CBD",551
"SUMBAWANGA
CBD",551
"SUMBAWANGA
CBD",551
"SUMBAWANGA
CBD",551
"SUMBAWANGA
CBD",551
"SUMBAWANGA
CBD",551
"SUMBAWANGA
CBD",551
"SUMBAWANGA
CBD",551
"SUMBAWANGA
CBD",551
"SUMBAWANGA
CBD",551
"SUMBAWANGA
CBD",551
"SUMBAWANGA
CBD",551
"SUMBAWANGA
CBD",551
"SUMBAWANGA
CBD",551
"SUMBAWANGA
CBD",551
"SUMBAWANGA
CBD",551
"SUMBAWANGA
CBD",551
"SUMBAWANGA
CBD",551
"SUMBAWANGA
CBD",551
"SUMBAWANGA
CBD",551
"SUMBAWANGA
CBD",551
"SUMBAWANGA
CBD",551
"SUMBAWANGA
CBD",551
"SUMBAWANGA
CBD",551
"SUMBAWANGA
CBD",551
"SUMBAWANGA
CBD",551
"SUMBAWANGA
CBD",551
"SUMBAWANGA
CBD",551
"SUMBAWANGA
CBD",551
"SUMBAWANGA
CBD",551
"SUMBAWANGA
CBD",551
"SUMBAWANGA
CBD",551
"SUMBAWANGA
CBD",551
"SUMBAWANGA
CBD",551
"SUMBAWANGA
CBD",551
"SUMBAWANGA
CBD",551
"SUMBAWANGA
CBD",551
"SUMBAWANGA
CBD",551
"SUMBAWANGA
CBD",551
"SUMBAWANGA
CBD",551
"SUMBAWANGA
CBD",551
"SUMBAWANGA
CBD",551
"SUMBAWANGA
CBD",551
"SUMBAWANGA
CBD",551
"SUMBAWANGA
CBD",551
"SUMBAWANGA
CBD",551
SUMBAWANGA,552
SUMBAWANGA,552
SUMBAWANGA,552
SUMBAWANGA,552
SUMBAWANGA,552
SUMBAWANGA,552
SUMBAWANGA,552
SUMBAWANGA,552
SUMBAWANGA,552
SUMBAWANGA,552
SUMBAWANGA,552
SUMBAWANGA,552
SUMBAWANGA,552
SUMBAWANGA,552
SUMBAWANGA,552
SUMBAWANGA,552
SUMBAWANGA,552
SUMBAWANGA,552
SUMBAWANGA,552
SUMBAWANGA,552
SUMBAWANGA,552
SUMBAWANGA,552
SUMBAWANGA,552
SUMBAWANGA,552
SUMBAWANGA,552
SUMBAWANGA,552
SUMBAWANGA,552
SUMBAWANGA,552
SUMBAWANGA,552
SUMBAWANGA,552
SUMBAWANGA,552
SUMBAWANGA,552
SUMBAWANGA,552
SUMBAWANGA,552
SUMBAWANGA,552
SUMBAWANGA,552
SUMBAWANGA,552
SUMBAWANGA,552
SUMBAWANGA,552
SUMBAWANGA,552
SUMBAWANGA,552
SUMBAWANGA,552
SUMBAWANGA,552
SUMBAWANGA,552
SUMBAWANGA,552
SUMBAWANGA,552
SUMBAWANGA,552
SUMBAWANGA,552
SUMBAWANGA,552
SUMBAWANGA,552
SUMBAWANGA,552
SUMBAWANGA,552
SUMBAWANGA,552
SUMBAWANGA,552
SUMBAWANGA,552
SUMBAWANGA,552
SUMBAWANGA,552
SUMBAWANGA,552
SUMBAWANGA,552
SUMBAWANGA,552
SUMBAWANGA,552
SUMBAWANGA,552
SUMBAWANGA,552
SUMBAWANGA,552
SUMBAWANGA,552
SUMBAWANGA,552
SUMBAWANGA,552
SUMBAWANGA,552
SUMBAWANGA,552
SUMBAWANGA,552
SUMBAWANGA,552
SUMBAWANGA,552
SUMBAWANGA,552
SUMBAWANGA,552
SUMBAWANGA,552
SUMBAWANGA,552
SUMBAWANGA,552
SUMBAWANGA,552
SUMBAWANGA,552
SUMBAWANGA,552
SUMBAWANGA,552
SUMBAWANGA,552
SUMBAWANGA,552
SUMBAWANGA,552
SUMBAWANGA,552
SUMBAWANGA,552
SUMBAWANGA,552
SUMBAWANGA,552
SUMBAWANGA,552
SUMBAWANGA,552
SUMBAWANGA,552
SUMBAWANGA,552
SUMBAWANGA,552
SUMBAWANGA,552
SUMBAWANGA,552
SUMBAWANGA,552
SUMBAWANGA,552
SUMBAWANGA,552
SUMBAWANGA,552
SUMBAWANGA,552
SUMBAWANGA,552
SUMBAWANGA,552
SUMBAWANGA,552
SUMBAWANGA,552
SUMBAWANGA,552
SUMBAWANGA,552
SUMBAWANGA,552
SUMBAWANGA,552
SUMBAWANGA,552
SUMBAWANGA,552
SUMBAWANGA,552
SUMBAWANGA,552
SUMBAWANGA,552
SUMBAWANGA,552
SUMBAWANGA,552
SUMBAWANGA,552
SUMBAWANGA,552
SUMBAWANGA,552
SUMBAWANGA,552
SUMBAWANGA,552
SUMBAWANGA,552
SUMBAWANGA,552
SUMBAWANGA,552
SUMBAWANGA,552
SUMBAWANGA,552
SUMBAWANGA,552
SUMBAWANGA,552
SUMBAWANGA,552
SUMBAWANGA,552
SUMBAWANGA,552
SUMBAWANGA,552
SUMBAWANGA,552
SUMBAWANGA,552
SUMBAWANGA,552
SUMBAWANGA,552
SUMBAWANGA,552
SUMBAWANGA,552
SUMBAWANGA,552
SUMBAWANGA,552
SUMBAWANGA,552
SUMBAWANGA,552
SUMBAWANGA,552
SUMBAWANGA,552
SUMBAWANGA,552
SUMBAWANGA,552
SUMBAWANGA,552
SUMBAWANGA,552
SUMBAWANGA,552
SUMBAWANGA,552
SUMBAWANGA,552
SUMBAWANGA,552
SUMBAWANGA,552
SUMBAWANGA,552
SUMBAWANGA,552
SUMBAWANGA,552
SUMBAWANGA,552
SUMBAWANGA,552
SUMBAWANGA,552
SUMBAWANGA,552
SUMBAWANGA,552
SUMBAWANGA,552
SUMBAWANGA,552
SUMBAWANGA,552
SUMBAWANGA,552
SUMBAWANGA,552
SUMBAWANGA,552
SUMBAWANGA,552
SUMBAWANGA,552
SUMBAWANGA,552
SUMBAWANGA,552
SUMBAWANGA,552
SUMBAWANGA,552
SUMBAWANGA,552
SUMBAWANGA,552
SUMBAWANGA,552
SUMBAWANGA,552
SUMBAWANGA,552
SUMBAWANGA,552
SUMBAWANGA,552
SUMBAWANGA,552
SUMBAWANGA,552
SUMBAWANGA,552
SUMBAWANGA,552
SUMBAWANGA,552
SUMBAWANGA,552
SUMBAWANGA,552
SUMBAWANGA,552
SUMBAWANGA,552
SUMBAWANGA,552
SUMBAWANGA,552
SUMBAWANGA,552
SUMBAWANGA,552
SUMBAWANGA,552
SUMBAWANGA,552
SUMBAWANGA,552
SUMBAWANGA,552
SUMBAWANGA,552
SUMBAWANGA,552
SUMBAWANGA,552
SUMBAWANGA,552
SUMBAWANGA,552
SUMBAWANGA,552
SUMBAWANGA,552
SUMBAWANGA,552
SUMBAWANGA,552
SUMBAWANGA,552
SUMBAWANGA,552
SUMBAWANGA,552
SUMBAWANGA,552
SUMBAWANGA,552
SUMBAWANGA,552
SUMBAWANGA,552
SUMBAWANGA,552
SUMBAWANGA,552
SUMBAWANGA,552
SUMBAWANGA,552
SUMBAWANGA,552
SUMBAWANGA,552
SUMBAWANGA,552
SUMBAWANGA,552
SUMBAWANGA,552
SUMBAWANGA,552
SUMBAWANGA,552
SUMBAWANGA,552
SUMBAWANGA,552
SUMBAWANGA,552
SUMBAWANGA,552
SUMBAWANGA,552
SUMBAWANGA,552
SUMBAWANGA,552
SUMBAWANGA,552
SUMBAWANGA,552
SUMBAWANGA,552
SUMBAWANGA,552
SUMBAWANGA,552
SUMBAWANGA,552
SUMBAWANGA,552
SUMBAWANGA,552
SUMBAWANGA,552
SUMBAWANGA,552
SUMBAWANGA,552
SUMBAWANGA,552
SUMBAWANGA,552
SUMBAWANGA,552
SUMBAWANGA,552
SUMBAWANGA,552
SUMBAWANGA,552
SUMBAWANGA,552
SUMBAWANGA,552
SUMBAWANGA,552
SUMBAWANGA,552
SUMBAWANGA,552
SUMBAWANGA,552
SUMBAWANGA,552
SUMBAWANGA,552
SUMBAWANGA,552
SUMBAWANGA,552
SUMBAWANGA,552
SUMBAWANGA,552
SUMBAWANGA,552
SUMBAWANGA,552
SUMBAWANGA,552
SUMBAWANGA,552
SUMBAWANGA,552
SUMBAWANGA,552
SUMBAWANGA,552
SUMBAWANGA,552
SUMBAWANGA,552
SUMBAWANGA,552
SUMBAWANGA,552
SUMBAWANGA,552
SUMBAWANGA,552
SUMBAWANGA,552
SUMBAWANGA,552
SUMBAWANGA,552
SUMBAWANGA,552
SUMBAWANGA,552
SUMBAWANGA,552
SUMBAWANGA,552
SUMBAWANGA,552
SUMBAWANGA,552
SUMBAWANGA,552
SUMBAWANGA,552
SUMBAWANGA,552
SUMBAWANGA,552
SUMBAWANGA,552
SUMBAWANGA,552
SUMBAWANGA,552
SUMBAWANGA,552
SUMBAWANGA,552
SUMBAWANGA,552
SUMBAWANGA,552
SUMBAWANGA,552
SUMBAWANGA,552
SUMBAWANGA,552
SUMBAWANGA,552
SUMBAWANGA,552
SUMBAWANGA,552
SUMBAWANGA,552
SUMBAWANGA,552
SUMBAWANGA,552
SUMBAWANGA,552
SUMBAWANGA,552
SUMBAWANGA,552
SUMBAWANGA,552
SUMBAWANGA,552
SUMBAWANGA,552
SUMBAWANGA,552
SUMBAWANGA,552
SUMBAWANGA,552
SUMBAWANGA,552
SUMBAWANGA,552
SUMBAWANGA,552
SUMBAWANGA,552
SUMBAWANGA,552
SUMBAWANGA,552
SUMBAWANGA,552
SUMBAWANGA,552
SUMBAWANGA,552
SUMBAWANGA,552
SUMBAWANGA,552
SUMBAWANGA,552
SUMBAWANGA,552
SUMBAWANGA,552
SUMBAWANGA,552
SUMBAWANGA,552
SUMBAWANGA,552
SUMBAWANGA,552
SUMBAWANGA,552
SUMBAWANGA,552
SUMBAWANGA,552
SUMBAWANGA,552
SUMBAWANGA,552
SUMBAWANGA,552
SUMBAWANGA,552
SUMBAWANGA,552
SUMBAWANGA,552
SUMBAWANGA,552
SUMBAWANGA,552
SUMBAWANGA,552
SUMBAWANGA,552
SUMBAWANGA,552
SUMBAWANGA,552
SUMBAWANGA,552
SUMBAWANGA,552
SUMBAWANGA,552
SUMBAWANGA,552
SUMBAWANGA,552
SUMBAWANGA,552
SUMBAWANGA,552
SUMBAWANGA,552
SUMBAWANGA,552
SUMBAWANGA,552
SUMBAWANGA,552
SUMBAWANGA,552
SUMBAWANGA,552
SUMBAWANGA,552
SUMBAWANGA,552
SUMBAWANGA,552
SUMBAWANGA,552
SUMBAWANGA,552
SUMBAWANGA,552
SUMBAWANGA,552
SUMBAWANGA,552
SUMBAWANGA,552
SUMBAWANGA,552
SUMBAWANGA,552
SUMBAWANGA,552
SUMBAWANGA,552
SUMBAWANGA,552
SUMBAWANGA,552
SUMBAWANGA,552
SUMBAWANGA,552
SUMBAWANGA,552
SUMBAWANGA,552
SUMBAWANGA,552
SUMBAWANGA,552
SUMBAWANGA,552
SUMBAWANGA,552
SUMBAWANGA,552
SUMBAWANGA,552
SUMBAWANGA,552
SUMBAWANGA,552
SUMBAWANGA,552
SUMBAWANGA,552
SUMBAWANGA,552
SUMBAWANGA,552
SUMBAWANGA,552
SUMBAWANGA,552
SUMBAWANGA,552
SUMBAWANGA,552
SUMBAWANGA,552
SUMBAWANGA,552
SUMBAWANGA,552
SUMBAWANGA,552
SUMBAWANGA,552
SUMBAWANGA,552
SUMBAWANGA,552
SUMBAWANGA,552
SUMBAWANGA,552
SUMBAWANGA,552
SUMBAWANGA,552
SUMBAWANGA,552
SUMBAWANGA,552
SUMBAWANGA,552
SUMBAWANGA,552
SUMBAWANGA,552
SUMBAWANGA,552
SUMBAWANGA,552
SUMBAWANGA,552
SUMBAWANGA,552
SUMBAWANGA,552
SUMBAWANGA,552
SUMBAWANGA,552
SUMBAWANGA,552
SUMBAWANGA,552
SUMBAWANGA,552
SUMBAWANGA,552
SUMBAWANGA,552
SUMBAWANGA,552
SUMBAWANGA,552
SUMBAWANGA,552
SUMBAWANGA,552
SUMBAWANGA,552
SUMBAWANGA,552
SUMBAWANGA,552
SUMBAWANGA,552
SUMBAWANGA,552
SUMBAWANGA,552
SUMBAWANGA,552
SUMBAWANGA,552
SUMBAWANGA,552
SUMBAWANGA,552
SUMBAWANGA,552
SUMBAWANGA,552
SUMBAWANGA,552
SUMBAWANGA,552
SUMBAWANGA,552
SUMBAWANGA,552
SUMBAWANGA,552
SUMBAWANGA,552
SUMBAWANGA,552
SUMBAWANGA,552
SUMBAWANGA,552
SUMBAWANGA,552
SUMBAWANGA,552
SUMBAWANGA,552
SUMBAWANGA,552
SUMBAWANGA,552
SUMBAWANGA,552
SUMBAWANGA,552
SUMBAWANGA,552
SUMBAWANGA,552
SUMBAWANGA,552
SUMBAWANGA,552
SUMBAWANGA,552
SUMBAWANGA,552
SUMBAWANGA,552
SUMBAWANGA,552
SUMBAWANGA,552
SUMBAWANGA,552
SUMBAWANGA,552
SUMBAWANGA,552
SUMBAWANGA,552
SUMBAWANGA,552
SUMBAWANGA,552
SUMBAWANGA,552
SUMBAWANGA,552
SUMBAWANGA,552
SUMBAWANGA,552
SUMBAWANGA,552
SUMBAWANGA,552
SUMBAWANGA,552
SUMBAWANGA,552
SUMBAWANGA,552
SUMBAWANGA,552
SUMBAWANGA,552
SUMBAWANGA,552
SUMBAWANGA,552
SUMBAWANGA,552
SUMBAWANGA,552
SUMBAWANGA,552
SUMBAWANGA,552
SUMBAWANGA,552
SUMBAWANGA,552
SUMBAWANGA,552
SUMBAWANGA,552
SUMBAWANGA,552
SUMBAWANGA,552
SUMBAWANGA,552
SUMBAWANGA,552
SUMBAWANGA,552
NKASI,553
NKASI,553
NKASI,553
NKASI,553
NKASI,553
NKASI,553
NKASI,553
NKASI,553
NKASI,553
NKASI,553
NKASI,553
NKASI,553
NKASI,553
NKASI,553
NKASI,553
NKASI,553
NKASI,553
NKASI,553
NKASI,553
NKASI,553
NKASI,553
NKASI,553
NKASI,553
NKASI,553
NKASI,553
NKASI,553
NKASI,553
NKASI,553
NKASI,553
NKASI,553
NKASI,553
NKASI,553
NKASI,553
NKASI,553
NKASI,553
NKASI,553
NKASI,553
NKASI,553
NKASI,553
NKASI,553
NKASI,553
NKASI,553
NKASI,553
NKASI,553
NKASI,553
NKASI,553
NKASI,553
NKASI,553
NKASI,553
NKASI,553
NKASI,553
NKASI,553
NKASI,553
NKASI,553
NKASI,553
NKASI,553
NKASI,553
NKASI,553
NKASI,553
NKASI,553
NKASI,553
NKASI,553
NKASI,553
NKASI,553
NKASI,553
NKASI,553
NKASI,553
NKASI,553
NKASI,553
NKASI,553
NKASI,553
NKASI,553
NKASI,553
NKASI,553
NKASI,553
NKASI,553
NKASI,553
NKASI,553
NKASI,553
NKASI,553
NKASI,553
NKASI,553
NKASI,553
NKASI,553
NKASI,553
NKASI,553
NKASI,553
NKASI,553
NKASI,553
NKASI,553
NKASI,553
NKASI,553
NKASI,553
NKASI,553
NKASI,553
NKASI,553
NKASI,553
NKASI,553
NKASI,553
NKASI,553
NKASI,553
NKASI,553
NKASI,553
NKASI,553
NKASI,553
NKASI,553
NKASI,553
NKASI,553
NKASI,553
NKASI,553
NKASI,553
NKASI,553
NKASI,553
NKASI,553
NKASI,553
NKASI,553
NKASI,553
NKASI,553
NKASI,553
NKASI,553
NKASI,553
NKASI,553
NKASI,553
NKASI,553
NKASI,553
NKASI,553
NKASI,553
NKASI,553
NKASI,553
NKASI,553
NKASI,553
NKASI,553
NKASI,553
NKASI,553
NKASI,553
NKASI,553
NKASI,553
NKASI,553
NKASI,553
NKASI,553
NKASI,553
NKASI,553
NKASI,553
NKASI,553
NKASI,553
NKASI,553
NKASI,553
NKASI,553
NKASI,553
NKASI,553
NKASI,553
NKASI,553
NKASI,553
NKASI,553
NKASI,553
NKASI,553
NKASI,553
NKASI,553
NKASI,553
NKASI,553
NKASI,553
NKASI,553
NKASI,553
NKASI,553
NKASI,553
NKASI,553
NKASI,553
NKASI,553
NKASI,553
NKASI,553
NKASI,553
NKASI,553
NKASI,553
NKASI,553
NKASI,553
NKASI,553
NKASI,553
NKASI,553
NKASI,553
NKASI,553
NKASI,553
NKASI,553
NKASI,553
NKASI,553
NKASI,553
NKASI,553
NKASI,553
NKASI,553
NKASI,553
NKASI,553
NKASI,553
NKASI,553
NKASI,553
NKASI,553
NKASI,553
NKASI,553
NKASI,553
NKASI,553
NKASI,553
NKASI,553
NKASI,553
NKASI,553
NKASI,553
NKASI,553
NKASI,553
NKASI,553
NKASI,553
NKASI,553
NKASI,553
NKASI,553
NKASI,553
NKASI,553
NKASI,553
NKASI,553
NKASI,553
NKASI,553
NKASI,553
NKASI,553
NKASI,553
NKASI,553
NKASI,553
NKASI,553
NKASI,553
NKASI,553
NKASI,553
NKASI,553
NKASI,553
NKASI,553
NKASI,553
NKASI,553
NKASI,553
NKASI,553
NKASI,553
NKASI,553
NKASI,553
NKASI,553
NKASI,553
NKASI,553
NKASI,553
NKASI,553
NKASI,553
NKASI,553
NKASI,553
NKASI,553
NKASI,553
NKASI,553
NKASI,553
NKASI,553
NKASI,553
NKASI,553
NKASI,553
NKASI,553
NKASI,553
NKASI,553
NKASI,553
NKASI,553
NKASI,553
NKASI,553
NKASI,553
NKASI,553
NKASI,553
NKASI,553
NKASI,553
NKASI,553
NKASI,553
NKASI,553
NKASI,553
NKASI,553
NKASI,553
NKASI,553
NKASI,553
NKASI,553
NKASI,553
NKASI,553
NKASI,553
NKASI,553
NKASI,553
NKASI,553
NKASI,553
NKASI,553
NKASI,553
NKASI,553
NKASI,553
NKASI,553
NKASI,553
NKASI,553
NKASI,553
NKASI,553
NKASI,553
NKASI,553
NKASI,553
NKASI,553
NKASI,553
NKASI,553
NKASI,553
NKASI,553
NKASI,553
NKASI,553
NKASI,553
NKASI,553
NKASI,553
NKASI,553
NKASI,553
NKASI,553
NKASI,553
NKASI,553
NKASI,553
NKASI,553
NKASI,553
NKASI,553
NKASI,553
NKASI,553
NKASI,553
NKASI,553
NKASI,553
NKASI,553
NKASI,553
NKASI,553
NKASI,553
NKASI,553
NKASI,553
NKASI,553
NKASI,553
NKASI,553
NKASI,553
NKASI,553
NKASI,553
NKASI,553
NKASI,553
NKASI,553
NKASI,553
NKASI,553
NKASI,553
NKASI,553
NKASI,553
NKASI,553
NKASI,553
NKASI,553
NKASI,553
NKASI,553
NKASI,553
NKASI,553
NKASI,553
NKASI,553
NKASI,553
NKASI,553
NKASI,553
NKASI,553
NKASI,553
NKASI,553
NKASI,553
NKASI,553
NKASI,553
NKASI,553
NKASI,553
NKASI,553
NKASI,553
NKASI,553
NKASI,553
NKASI,553
NKASI,553
NKASI,553
NKASI,553
NKASI,553
NKASI,553
NKASI,553
NKASI,553
NKASI,553
NKASI,553
NKASI,553
NKASI,553
NKASI,553
NKASI,553
NKASI,553
NKASI,553
NKASI,553
NKASI,553
NKASI,553
NKASI,553
NKASI,553
NKASI,553
NKASI,553
NKASI,553
NKASI,553
NKASI,553
NKASI,553
NKASI,553
NKASI,553
NKASI,553
NKASI,553
NKASI,553
NKASI,553
NKASI,553
NKASI,553
NKASI,553
NKASI,553
NKASI,553
NKASI,553
NKASI,553
NKASI,553
NKASI,553
NKASI,553
NKASI,553
NKASI,553
NKASI,553
NKASI,553
NKASI,553
NKASI,553
NKASI,553
NKASI,553
NKASI,553
NKASI,553
NKASI,553
NKASI,553
NKASI,553
NKASI,553
NKASI,553
NKASI,553
NKASI,553
NKASI,553
NKASI,553
NKASI,553
NKASI,553
NKASI,553
NKASI,553
NKASI,553
NKASI,553
NKASI,553
NKASI,553
NKASI,553
NKASI,553
NKASI,553
NKASI,553
NKASI,553
NKASI,553
NKASI,553
NKASI,553
NKASI,553
NKASI,553
NKASI,553
NKASI,553
NKASI,553
NKASI,553
NKASI,553
NKASI,553
NKASI,553
NKASI,553
NKASI,553
NKASI,553
NKASI,553
NKASI,553
NKASI,553
NKASI,553
NKASI,553
NKASI,553
NKASI,553
NKASI,553
NKASI,553
NKASI,553
NKASI,553
NKASI,553
NKASI,553
NKASI,553
NKASI,553
NKASI,553
NKASI,553
NKASI,553
NKASI,553
NKASI,553
NKASI,553
NKASI,553
NKASI,553
NKASI,553
NKASI,553
NKASI,553
NKASI,553
NKASI,553
NKASI,553
NKASI,553
NKASI,553
NKASI,553
NKASI,553
NKASI,553
NKASI,553
NKASI,553
NKASI,553
NKASI,553
NKASI,553
NKASI,553
NKASI,553
NKASI,553
NKASI,553
NKASI,553
NKASI,553
NKASI,553
NKASI,553
NKASI,553
NKASI,553
NKASI,553
NKASI,553
NKASI,553
NKASI,553
NKASI,553
NKASI,553
NKASI,553
NKASI,553
NKASI,553
NKASI,553
NKASI,553
NKASI,553
NKASI,553
NKASI,553
NKASI,553
NKASI,553
NKASI,553
NKASI,553
NKASI,553
NKASI,553
NKASI,553
NKASI,553
NKASI,553
NKASI,553
NKASI,553
NKASI,553
NKASI,553
NKASI,553
NKASI,553
NKASI,553
NKASI,553
NKASI,553
NKASI,553
NKASI,553
NKASI,553
NKASI,553
NKASI,553
NKASI,553
NKASI,553
NKASI,553
NKASI,553
NKASI,553
NKASI,553
NKASI,553
NKASI,553
NKASI,553
NKASI,553
NKASI,553
NKASI,553
NKASI,553
NKASI,553
NKASI,553
NKASI,553
NKASI,553
NKASI,553
NKASI,553
NKASI,553
NKASI,553
NKASI,553
NKASI,553
NKASI,553
NKASI,553
NKASI,553
NKASI,553
NKASI,553
NKASI,553
NKASI,553
NKASI,553
NKASI,553
NKASI,553
NKASI,553
NKASI,553
NKASI,553
NKASI,553
NKASI,553
NKASI,553
NKASI,553
NKASI,553
NKASI,553
NKASI,553
NKASI,553
NKASI,553
NKASI,553
NKASI,553
NKASI,553
NKASI,553
NKASI,553
NKASI,553
NKASI,553
NKASI,553
NKASI,553
NKASI,553
NKASI,553
NKASI,553
NKASI,553
NKASI,553
NKASI,553
NKASI,553
NKASI,553
NKASI,553
NKASI,553
NKASI,553
NKASI,553
NKASI,553
NKASI,553
NKASI,553
NKASI,553
NKASI,553
NKASI,553
NKASI,553
NKASI,553
NKASI,553
NKASI,553
NKASI,553
NKASI,553
NKASI,553
NKASI,553
NKASI,553
NKASI,553
NKASI,553
NKASI,553
NKASI,553
NKASI,553
NKASI,553
NKASI,553
NKASI,553
NKASI,553
NKASI,553
NKASI,553
NKASI,553
NKASI,553
NKASI,553
NKASI,553
NKASI,553
NKASI,553
NKASI,553
NKASI,553
NKASI,553
NKASI,553
NKASI,553
NKASI,553
NKASI,553
NKASI,553
NKASI,553
NKASI,553
NKASI,553
NKASI,553
NKASI,553
NKASI,553
NKASI,553
NKASI,553
NKASI,553
NKASI,553
NKASI,553
NKASI,553
NKASI,553
NKASI,553
NKASI,553
NKASI,553
NKASI,553
NKASI,553
NKASI,553
NKASI,553
NKASI,553
NKASI,553
NKASI,553
NKASI,553
NKASI,553
NKASI,553
NKASI,553
NKASI,553
NKASI,553
NKASI,553
NKASI,553
NKASI,553
NKASI,553
NKASI,553
NKASI,553
NKASI,553
NKASI,553
NKASI,553
NKASI,553
NKASI,553
NKASI,553
NKASI,553
NKASI,553
NKASI,553
NKASI,553
NKASI,553
NKASI,553
NKASI,553
NKASI,553
NKASI,553
NKASI,553
NKASI,553
NKASI,553
NKASI,553
NKASI,553
NKASI,553
NKASI,553
NKASI,553
NKASI,553
NKASI,553
NKASI,553
NKASI,553
NKASI,553
NKASI,553
NKASI,553
NKASI,553
NKASI,553
NKASI,553
NKASI,553
NKASI,553
NKASI,553
NKASI,553
NKASI,553
NKASI,553
NKASI,553
NKASI,553
NKASI,553
NKASI,553
NKASI,553
NKASI,553
NKASI,553
KALAMBO,554
KALAMBO,554
KALAMBO,554
KALAMBO,554
KALAMBO,554
KALAMBO,554
KALAMBO,554
KALAMBO,554
KALAMBO,554
KALAMBO,554
KALAMBO,554
KALAMBO,554
KALAMBO,554
KALAMBO,554
KALAMBO,554
KALAMBO,554
KALAMBO,554
KALAMBO,554
KALAMBO,554
KALAMBO,554
KALAMBO,554
KALAMBO,554
KALAMBO,554
KALAMBO,554
KALAMBO,554
KALAMBO,554
KALAMBO,554
KALAMBO,554
KALAMBO,554
KALAMBO,554
KALAMBO,554
KALAMBO,554
KALAMBO,554
KALAMBO,554
KALAMBO,554
KALAMBO,554
KALAMBO,554
KALAMBO,554
KALAMBO,554
KALAMBO,554
KALAMBO,554
KALAMBO,554
KALAMBO,554
KALAMBO,554
KALAMBO,554
KALAMBO,554
KALAMBO,554
KALAMBO,554
KALAMBO,554
KALAMBO,554
KALAMBO,554
KALAMBO,554
KALAMBO,554
KALAMBO,554
KALAMBO,554
KALAMBO,554
KALAMBO,554
KALAMBO,554
KALAMBO,554
KALAMBO,554
KALAMBO,554
KALAMBO,554
KALAMBO,554
KALAMBO,554
KALAMBO,554
KALAMBO,554
KALAMBO,554
KALAMBO,554
KALAMBO,554
KALAMBO,554
KALAMBO,554
KALAMBO,554
KALAMBO,554
KALAMBO,554
KALAMBO,554
KALAMBO,554
KALAMBO,554
KALAMBO,554
KALAMBO,554
KALAMBO,554
KALAMBO,554
KALAMBO,554
KALAMBO,554
KALAMBO,554
KALAMBO,554
KALAMBO,554
KALAMBO,554
KALAMBO,554
KALAMBO,554
KALAMBO,554
KALAMBO,554
KALAMBO,554
KALAMBO,554
KALAMBO,554
KALAMBO,554
KALAMBO,554
KALAMBO,554
KALAMBO,554
KALAMBO,554
KALAMBO,554
KALAMBO,554
KALAMBO,554
KALAMBO,554
KALAMBO,554
KALAMBO,554
KALAMBO,554
KALAMBO,554
KALAMBO,554
KALAMBO,554
KALAMBO,554
KALAMBO,554
KALAMBO,554
KALAMBO,554
KALAMBO,554
KALAMBO,554
KALAMBO,554
KALAMBO,554
KALAMBO,554
KALAMBO,554
KALAMBO,554
KALAMBO,554
KALAMBO,554
KALAMBO,554
KALAMBO,554
KALAMBO,554
KALAMBO,554
KALAMBO,554
KALAMBO,554
KALAMBO,554
KALAMBO,554
KALAMBO,554
KALAMBO,554
KALAMBO,554
KALAMBO,554
KALAMBO,554
KALAMBO,554
KALAMBO,554
KALAMBO,554
KALAMBO,554
KALAMBO,554
KALAMBO,554
KALAMBO,554
KALAMBO,554
KALAMBO,554
KALAMBO,554
KALAMBO,554
KALAMBO,554
KALAMBO,554
KALAMBO,554
KALAMBO,554
KALAMBO,554
KALAMBO,554
KALAMBO,554
KALAMBO,554
KALAMBO,554
KALAMBO,554
KALAMBO,554
KALAMBO,554
KALAMBO,554
KALAMBO,554
KALAMBO,554
KALAMBO,554
KALAMBO,554
KALAMBO,554
KALAMBO,554
KALAMBO,554
KALAMBO,554
KALAMBO,554
KALAMBO,554
KALAMBO,554
KALAMBO,554
KALAMBO,554
KALAMBO,554
KALAMBO,554
KALAMBO,554
KALAMBO,554
KALAMBO,554
KALAMBO,554
KALAMBO,554
KALAMBO,554
KALAMBO,554
KALAMBO,554
KALAMBO,554
KALAMBO,554
KALAMBO,554
KALAMBO,554
KALAMBO,554
KALAMBO,554
KALAMBO,554
KALAMBO,554
KALAMBO,554
KALAMBO,554
KALAMBO,554
KALAMBO,554
KALAMBO,554
KALAMBO,554
KALAMBO,554
KALAMBO,554
KALAMBO,554
KALAMBO,554
KALAMBO,554
KALAMBO,554
KALAMBO,554
KALAMBO,554
KALAMBO,554
KALAMBO,554
KALAMBO,554
KALAMBO,554
KALAMBO,554
KALAMBO,554
KALAMBO,554
KALAMBO,554
KALAMBO,554
KALAMBO,554
KALAMBO,554
KALAMBO,554
KALAMBO,554
KALAMBO,554
KALAMBO,554
KALAMBO,554
KALAMBO,554
KALAMBO,554
KALAMBO,554
KALAMBO,554
KALAMBO,554
KALAMBO,554
KALAMBO,554
KALAMBO,554
KALAMBO,554
KALAMBO,554
KALAMBO,554
KALAMBO,554
KALAMBO,554
KALAMBO,554
KALAMBO,554
KALAMBO,554
KALAMBO,554
KALAMBO,554
KALAMBO,554
KALAMBO,554
KALAMBO,554
KALAMBO,554
KALAMBO,554
KALAMBO,554
KALAMBO,554
KALAMBO,554
KALAMBO,554
KALAMBO,554
KALAMBO,554
KALAMBO,554
KALAMBO,554
KALAMBO,554
KALAMBO,554
KALAMBO,554
KALAMBO,554
KALAMBO,554
KALAMBO,554
KALAMBO,554
KALAMBO,554
KALAMBO,554
KALAMBO,554
KALAMBO,554
KALAMBO,554
KALAMBO,554
KALAMBO,554
KALAMBO,554
KALAMBO,554
KALAMBO,554
KALAMBO,554
KALAMBO,554
KALAMBO,554
KALAMBO,554
KALAMBO,554
KALAMBO,554
KALAMBO,554
KALAMBO,554
KALAMBO,554
KALAMBO,554
KALAMBO,554
KALAMBO,554
KALAMBO,554
KALAMBO,554
KALAMBO,554
KALAMBO,554
KALAMBO,554
KALAMBO,554
KALAMBO,554
KALAMBO,554
KALAMBO,554
KALAMBO,554
KALAMBO,554
KALAMBO,554
KALAMBO,554
KALAMBO,554
KALAMBO,554
KALAMBO,554
KALAMBO,554
KALAMBO,554
KALAMBO,554
KALAMBO,554
KALAMBO,554
KALAMBO,554
KALAMBO,554
KALAMBO,554
KALAMBO,554
KALAMBO,554
KALAMBO,554
KALAMBO,554
KALAMBO,554
KALAMBO,554
KALAMBO,554
KALAMBO,554
KALAMBO,554
KALAMBO,554
KALAMBO,554
KALAMBO,554
KALAMBO,554
KALAMBO,554
KALAMBO,554
KALAMBO,554
KALAMBO,554
KALAMBO,554
KALAMBO,554
KALAMBO,554
KALAMBO,554
KALAMBO,554
KALAMBO,554
KALAMBO,554
KALAMBO,554
KALAMBO,554
KALAMBO,554
KALAMBO,554
KALAMBO,554
KALAMBO,554
KALAMBO,554
KALAMBO,554
KALAMBO,554
KALAMBO,554
KALAMBO,554
KALAMBO,554
KALAMBO,554
KALAMBO,554
KALAMBO,554
KALAMBO,554
KALAMBO,554
KALAMBO,554
KALAMBO,554
KALAMBO,554
KALAMBO,554
KALAMBO,554
KALAMBO,554
KALAMBO,554
KALAMBO,554
KALAMBO,554
KALAMBO,554
KALAMBO,554
KALAMBO,554
KALAMBO,554
KALAMBO,554
KALAMBO,554
KALAMBO,554
KALAMBO,554
KALAMBO,554
KALAMBO,554
KALAMBO,554
KALAMBO,554
KALAMBO,554
KALAMBO,554
KALAMBO,554
KALAMBO,554
KALAMBO,554
KALAMBO,554
KALAMBO,554
KALAMBO,554
KALAMBO,554
KALAMBO,554
KALAMBO,554
KALAMBO,554
KALAMBO,554
KALAMBO,554
KALAMBO,554
KALAMBO,554
KALAMBO,554
KALAMBO,554
KALAMBO,554
KALAMBO,554
KALAMBO,554
KALAMBO,554
KALAMBO,554
KALAMBO,554
KALAMBO,554
KALAMBO,554
KALAMBO,554
KALAMBO,554
KALAMBO,554
KALAMBO,554
KALAMBO,554
KALAMBO,554
KALAMBO,554
KALAMBO,554
KALAMBO,554
KALAMBO,554
KALAMBO,554
KALAMBO,554
KALAMBO,554
KALAMBO,554
KALAMBO,554
KALAMBO,554
KALAMBO,554
KALAMBO,554
KALAMBO,554
KALAMBO,554
KALAMBO,554
KALAMBO,554
KALAMBO,554
KALAMBO,554
KALAMBO,554
KALAMBO,554
KALAMBO,554
KALAMBO,554
KALAMBO,554
KALAMBO,554
KALAMBO,554
KALAMBO,554
KALAMBO,554
KALAMBO,554
KALAMBO,554
KALAMBO,554
KALAMBO,554
KALAMBO,554
KALAMBO,554
KALAMBO,554
KALAMBO,554
KALAMBO,554
KALAMBO,554
KALAMBO,554
KALAMBO,554
KALAMBO,554
KALAMBO,554
